path,layer,module,kind,func_name,complexity,suggestion,line,note
src/backend/core/ai/gateway_pipeline_mixin/input_mixin.py,core,src.backend.services.ai.pii.presidio_analyzer,lazy,_resolve_sanitizer,trivial,migrate-top-level,132,
src/backend/core/ai/gateway_pipeline_mixin/llm_mixin.py,core,src.backend.services.ai.prompt_registry,lazy,_render_prompt,trivial,migrate-top-level,74,
src/backend/core/ai/gateway_pipeline_mixin/output_mixin.py,core,src.backend.services.ai.gateway,lazy,_resolve_llm_gateway,trivial,migrate-top-level,139,
src/backend/core/ai/llm_gateway.py,core,src.backend.services.ai.gateway.client,eager,,moderate,facade-needed,23,
src/backend/core/ai/multi_agent.py,core,src.backend.services.ai.multi_agent.supervisor,eager,,moderate,facade-needed,11,
src/backend/core/ai/policy/enforcer/input_guard_mixin.py,core,src.backend.services.ai.guardrails.lakera_client,lazy,_guard_input_lakera,trivial,migrate-top-level,122,
src/backend/core/audit/__init__.py,core,src.backend.infrastructure.audit.event_log,lazy,__getattr__,trivial,migrate-top-level,16,
src/backend/core/audit/facade/audit_service.py,core,src.backend.services.audit.clickhouse_audit_service,type_checking,,trivial,drop,36,
src/backend/core/auth/ad_directory.py,core,src.backend.services.auth.ad_directory_client,eager,,moderate,facade-needed,10,
src/backend/core/auth/facade.py,core,src.backend.services.security.facade,lazy,_is_blacklisted,trivial,migrate-top-level,296,
src/backend/core/di/providers/ai.py,core,src.backend.services.ai.pii.presidio_analyzer,lazy,get_pii_tokenizer_provider,trivial,migrate-top-level,66,
src/backend/core/di/providers/cdc_bridge.py,core,src.backend.infrastructure.cdc.cdc_client_adapter,lazy,get_cdc_client_adapter_class,trivial,migrate-top-level,54,
src/backend/core/di/providers/cdc_bridge.py,core,src.backend.infrastructure.cdc.debezium_events_backend,lazy,get_debezium_cdc_backend_class,trivial,migrate-top-level,45,
src/backend/core/di/providers/cdc_bridge.py,core,src.backend.infrastructure.cdc.listen_notify_backend,lazy,get_listen_notify_cdc_backend_class,trivial,migrate-top-level,36,
src/backend/core/di/providers/cdc_bridge.py,core,src.backend.infrastructure.cdc.poll_backend,lazy,get_poll_cdc_backend_class,trivial,migrate-top-level,29,
src/backend/core/di/providers/dlq_bridge.py,core,src.backend.infrastructure.messaging,lazy,get_dlq_base_module,trivial,migrate-top-level,35,
src/backend/core/di/providers/dlq_bridge.py,core,src.backend.infrastructure.messaging.dlq_base,lazy,get_dlq_envelope_class,trivial,migrate-top-level,28,
src/backend/core/di/providers/health_bridge.py,core,src.backend.infrastructure.application.health_aggregator,lazy,get_health_check_factory,trivial,migrate-top-level,77,
src/backend/core/di/providers/health_bridge.py,core,src.backend.infrastructure.clients.base_connector,lazy,get_health_result_class,trivial,migrate-top-level,35,
src/backend/core/di/providers/health_bridge.py,core,src.backend.infrastructure.clients.pool_health,lazy,get_pool_entry_class,trivial,migrate-top-level,42,
src/backend/core/di/providers/jupyter.py,core,src.backend.services.jupyter.execution_service,lazy,get_notebook_execution_service_provider,trivial,migrate-top-level,30,
src/backend/core/di/providers/observability_bridge.py,core,src.backend.infrastructure.logging.base,lazy,get_logger_protocol_class,trivial,migrate-top-level,141,
src/backend/core/di/providers/observability_bridge.py,core,src.backend.infrastructure.observability,lazy,get_client_metrics,trivial,migrate-top-level,58,
src/backend/core/di/providers/observability_bridge.py,core,src.backend.infrastructure.observability.correlation,lazy,get_correlation_id,trivial,migrate-top-level,50,
src/backend/core/di/providers/observability_bridge.py,core,src.backend.infrastructure.observability.prometheus_temporal_exporter,lazy,get_record_scale_event,trivial,migrate-top-level,114,
src/backend/core/di/providers/resilience_bridge.py,core,src.backend.infrastructure.resilience,lazy,get_bulkhead_attr,trivial,migrate-top-level,61,
src/backend/core/di/providers/resilience_bridge.py,core,src.backend.infrastructure.resilience.bulkhead,lazy,get_bulkhead_class,trivial,migrate-top-level,43,
src/backend/core/di/providers/resilience_bridge.py,core,src.backend.infrastructure.resilience.profile_store_memory,lazy,get_profile_store_memory_class,trivial,migrate-top-level,34,
src/backend/core/di/providers/resilience_bridge.py,core,src.backend.infrastructure.resilience.unified_rate_limiter,lazy,get_rate_limit_class,trivial,migrate-top-level,88,
src/backend/core/di/providers/search_bridge.py,core,src.backend.infrastructure.clients.external,lazy,get_search_providers_module,trivial,migrate-top-level,32,
src/backend/core/di/providers/search_bridge.py,core,src.backend.infrastructure.clients.external.search_providers,lazy,get_base_search_provider_class,trivial,migrate-top-level,38,
src/backend/core/di/providers/storage.py,core,src.backend.services.storage.facade,lazy,get_storage_facade_provider,trivial,migrate-top-level,68,
src/backend/core/frontend_facade.py,core,src.backend.services.dsl_portal,eager,,moderate,facade-needed,25,
src/backend/core/integrations/skb.py,core,src.backend.services.integrations.skb,eager,,moderate,facade-needed,10,
src/backend/core/interfaces/sink.py,core,src.backend.infrastructure.clients.base_connector,type_checking,,trivial,drop,15,
src/backend/core/interfaces/source.py,core,src.backend.infrastructure.clients.base_connector,type_checking,,trivial,drop,26,
src/backend/core/io/__init__.py,core,src.backend.services.io.indexers,eager,,hard,re-export-or-facade,5,
src/backend/core/io/indexers.py,core,src.backend.services.io.indexers,eager,,moderate,facade-needed,9,
src/backend/core/messaging/eventbus/facade.py,core,src.backend.infrastructure.clients.messaging.event_bus,lazy,get_event_bus_facade,trivial,migrate-top-level,47,
src/backend/core/messaging/stream_facade.py,core,src.backend.infrastructure.clients.messaging.stream,lazy,__getattr__,trivial,migrate-top-level,23,
src/backend/core/notifications/__init__.py,core,src.backend.infrastructure.notifications,lazy,_get_notif_gateway,trivial,migrate-top-level,21,
src/backend/core/notifications/__init__.py,core,src.backend.infrastructure.notifications.gateway,lazy,_get_ng_cls,trivial,migrate-top-level,28,
src/backend/core/observability/log_indexer.py,core,src.backend.services.io.indexers.log_indexer,eager,,moderate,facade-needed,25,
src/backend/core/resilience/rate_limiter.py,core,src.backend.infrastructure.resilience.unified_rate_limiter,type_checking,,trivial,drop,38,
src/backend/core/scaling/bulkhead_scaler.py,core,src.backend.infrastructure.resilience.bulkhead,type_checking,,trivial,drop,22,
src/backend/core/scheduler/__init__.py,core,src.backend.infrastructure.scheduler.cron_validator,lazy,__getattr__,trivial,migrate-top-level,27,
src/backend/core/security/connector_auth.py,core,src.backend.services.authorization.facade,lazy,check_source_capability,trivial,migrate-top-level,175,
src/backend/core/services/__init__.py,core,src.backend.services.core.base_external_api,eager,,hard,re-export-or-facade,21,
src/backend/core/services/base.py,core,src.backend.services.core.base_external_api,eager,,moderate,facade-needed,8,
src/backend/core/services/base_service.py,core,src.backend.services.core.base,eager,,moderate,facade-needed,19,
src/backend/core/workflow/__init__.py,core,src.backend.infrastructure.workflow.factory,lazy,__getattr__,trivial,migrate-top-level,27,
src/backend/entrypoints/_action_bridge.py,entrypoints,src.backend.dsl.service,lazy,dispatch_action_or_dsl,trivial,migrate-top-level,124,
src/backend/entrypoints/api/generator/actions/__init__.py,entrypoints,src.backend.dsl.commands.action_registry,eager,,hard,re-export-or-facade,13,
src/backend/entrypoints/api/generator/actions/crud/__init__.py,entrypoints,src.backend.dsl.commands.action_registry,eager,,hard,re-export-or-facade,23,
src/backend/entrypoints/api/generator/auto_register.py,entrypoints,src.backend.dsl.commands.action_registry,eager,,moderate,facade-needed,47,
src/backend/entrypoints/api/generator/registry.py,entrypoints,src.backend.dsl.commands.action_registry,eager,,moderate,facade-needed,6,
src/backend/entrypoints/api/generator/setup.py,entrypoints,src.backend.workflows.workflows_service,eager,,moderate,facade-needed,12,
src/backend/entrypoints/api/v1/endpoints/admin_parallelism.py,entrypoints,src.backend.dsl.analysis.parallelism_analyzer,lazy,parallelism_report,trivial,migrate-top-level,37,
src/backend/entrypoints/api/v1/endpoints/admin_parallelism.py,entrypoints,src.backend.dsl.route_loader.registry,lazy,parallelism_report,trivial,migrate-top-level,40,
src/backend/entrypoints/api/v1/endpoints/admin_workflow_versioning.py,entrypoints,src.backend.dsl.workflow.versioning,lazy,get_workflow_history,trivial,migrate-top-level,88,
src/backend/entrypoints/api/v1/endpoints/admin_workflows/helpers.py,entrypoints,src.backend.dsl.commands.registry,lazy,_trigger_via_action_or_store,trivial,migrate-top-level,150,
src/backend/entrypoints/api/v1/endpoints/dsl_console.py,entrypoints,src.backend.dsl.engine.dry_run,lazy,dry_run,trivial,migrate-top-level,275,
src/backend/entrypoints/api/v1/endpoints/dsl_console.py,entrypoints,src.backend.dsl.engine.execution_engine,lazy,execute_inline,trivial,migrate-top-level,194,
src/backend/entrypoints/api/v1/endpoints/dsl_console.py,entrypoints,src.backend.dsl.yaml_loader,lazy,execute_inline,trivial,migrate-top-level,190,
src/backend/entrypoints/api/v1/endpoints/dsl_routes.py,entrypoints,src.backend.dsl.engine.pipeline,eager,,moderate,facade-needed,35,
src/backend/entrypoints/api/v1/endpoints/dsl_routes.py,entrypoints,src.backend.dsl.engine.tracer,eager,,moderate,facade-needed,36,
src/backend/entrypoints/api/v1/endpoints/dsl_routes.py,entrypoints,src.backend.dsl.yaml_loader,eager,,moderate,facade-needed,37,
src/backend/entrypoints/api/v1/endpoints/dsl_routes.py,entrypoints,src.backend.dsl.yaml_store,eager,,moderate,facade-needed,38,
src/backend/entrypoints/api/v1/endpoints/health.py,entrypoints,src.backend.dsl.commands.registry,lazy,startup_probe,trivial,migrate-top-level,170,
src/backend/entrypoints/api/v1/endpoints/imports.py,entrypoints,src.backend.dsl.builder,lazy,_import_process_schema,trivial,migrate-top-level,226,
src/backend/entrypoints/api/v1/endpoints/imports.py,entrypoints,src.backend.dsl.engine.execution_engine,lazy,_import_bulk_objects,trivial,migrate-top-level,313,
src/backend/entrypoints/api/v1/endpoints/imports.py,entrypoints,src.backend.dsl.engine.pipeline_registry,lazy,_import_bulk_objects,trivial,migrate-top-level,314,
src/backend/entrypoints/api/v1/endpoints/processors_catalog.py,entrypoints,src.backend.dsl.builder,lazy,_collect_builder_methods,trivial,migrate-top-level,130,
src/backend/entrypoints/api/v1/endpoints/processors_catalog.py,entrypoints,src.backend.dsl.engine.processors,lazy,_collect_processors,trivial,migrate-top-level,40,
src/backend/entrypoints/base.py,entrypoints,src.backend.dsl.commands.registry,eager,,moderate,facade-needed,32,
src/backend/entrypoints/email/imap_monitor.py,entrypoints,src.backend.dsl.service,eager,,moderate,facade-needed,24,
src/backend/entrypoints/filewatcher/watcher_manager.py,entrypoints,src.backend.dsl.service,eager,,moderate,facade-needed,24,
src/backend/entrypoints/graphql/auto_schema.py,entrypoints,src.backend.dsl.commands.action_registry,lazy,build_auto_strawberry_schema,trivial,migrate-top-level,140,
src/backend/entrypoints/graphql/schema.py,entrypoints,src.backend.dsl.commands.registry,eager,,moderate,facade-needed,45,
src/backend/entrypoints/graphql/schema.py,entrypoints,src.backend.dsl.engine.tracer,eager,,moderate,facade-needed,46,
src/backend/entrypoints/graphql/schema.py,entrypoints,src.backend.dsl.registry,eager,,moderate,facade-needed,47,
src/backend/entrypoints/graphql/schema.py,entrypoints,src.backend.dsl.service,eager,,moderate,facade-needed,48,
src/backend/entrypoints/grpc/auto_servicer.py,entrypoints,src.backend.dsl.commands.action_registry,lazy,_build_servicer_class,trivial,migrate-top-level,218,
src/backend/entrypoints/mcp/mcp_server/__init__.py,entrypoints,src.backend.dsl.commands.registry,lazy,register_mcp_tools,trivial,migrate-top-level,108,
src/backend/entrypoints/mcp/mcp_server/helpers.py,entrypoints,src.backend.dsl.commands.registry,lazy,_action_input_schema_json,trivial,migrate-top-level,37,
src/backend/entrypoints/mcp/mcp_server/tools_convert.py,entrypoints,src.backend.dsl.engine.processors.converters,lazy,_register_convert_tools,trivial,migrate-top-level,39,
src/backend/entrypoints/mcp/mcp_server/tools_route.py,entrypoints,src.backend.dsl.engine.execution_engine,lazy,_register_route_tools,trivial,migrate-top-level,63,
src/backend/entrypoints/mcp/mcp_server/tools_route.py,entrypoints,src.backend.dsl.registry,lazy,_register_route_tools,trivial,migrate-top-level,37,
src/backend/entrypoints/mcp/mcp_server/tools_system.py,entrypoints,src.backend.dsl.commands.registry,lazy,_register_system_tools,trivial,migrate-top-level,35,
src/backend/entrypoints/mcp/mcp_server/tools_system.py,entrypoints,src.backend.dsl.engine,lazy,_register_system_tools,trivial,migrate-top-level,72,
src/backend/entrypoints/mcp/mcp_server/tools_template.py,entrypoints,src.backend.dsl,lazy,_register_template_tools,trivial,migrate-top-level,93,
src/backend/entrypoints/mcp/mcp_server/tools_template.py,entrypoints,src.backend.dsl.templates_library,lazy,_register_template_tools,trivial,migrate-top-level,38,
src/backend/entrypoints/mcp/mcp_server/tools_yaml.py,entrypoints,src.backend.dsl.registry,lazy,_register_yaml_tools,trivial,migrate-top-level,36,
src/backend/entrypoints/mcp/mcp_server/tools_yaml.py,entrypoints,src.backend.dsl.yaml_loader,lazy,_register_yaml_tools,trivial,migrate-top-level,70,
src/backend/entrypoints/mcp/namespaces/ai_mcp.py,entrypoints,src.backend.dsl.commands.registry,lazy,register_ai_tools,trivial,migrate-top-level,25,
src/backend/entrypoints/mcp/namespaces/analytics_mcp.py,entrypoints,src.backend.dsl.commands.registry,lazy,register_analytics_tools,trivial,migrate-top-level,22,
src/backend/entrypoints/mcp/namespaces/credit_mcp.py,entrypoints,src.backend.dsl.commands.registry,lazy,register_credit_tools,trivial,migrate-top-level,22,
src/backend/entrypoints/mcp/namespaces/system_mcp.py,entrypoints,src.backend.dsl.commands.registry,lazy,register_system_tools,trivial,migrate-top-level,26,
src/backend/entrypoints/mcp/workflow_tools.py,entrypoints,src.backend.dsl.commands.registry,lazy,_trigger_and_maybe_wait,trivial,migrate-top-level,178,
src/backend/entrypoints/middlewares/admin_ip.py,entrypoints,src.backend.dsl.codec.converters,eager,,moderate,facade-needed,25,
src/backend/entrypoints/middlewares/api_key.py,entrypoints,src.backend.dsl.codec.converters,eager,,moderate,facade-needed,31,
src/backend/entrypoints/mqtt/mqtt_handler.py,entrypoints,src.backend.dsl.commands.registry,lazy,_handle_message,trivial,migrate-top-level,147,
src/backend/entrypoints/soap/soap_handler.py,entrypoints,src.backend.dsl.commands.registry,eager,,moderate,facade-needed,30,
src/backend/entrypoints/soap/soap_handler.py,entrypoints,src.backend.dsl.service,eager,,moderate,facade-needed,31,
src/backend/entrypoints/webhook/handler.py,entrypoints,src.backend.dsl.codec.json,lazy,send_webhook_event,trivial,migrate-top-level,234,
src/backend/entrypoints/webhook/handler.py,entrypoints,src.backend.dsl.engine.processors.scraping,lazy,create_subscription,trivial,migrate-top-level,90,
src/backend/entrypoints/websocket/ws_handler.py,entrypoints,src.backend.dsl.service,eager,,moderate,facade-needed,34,
src/backend/infrastructure/cache/rag/semantic.py,infrastructure,src.backend.services.ai.embedding_providers,lazy,_ensure_embedder,trivial,migrate-top-level,59,
src/backend/infrastructure/clients/external/cdc/client.py,infrastructure,src.backend.dsl.commands.registry,lazy,_dispatch_change,trivial,migrate-top-level,205,
src/backend/infrastructure/clients/messaging/event_bus.py,infrastructure,src.backend.services.schema_registry.registry,lazy,_validate_event,trivial,migrate-top-level,154,
src/backend/infrastructure/notifications/adapters/express.py,infrastructure,src.backend.dsl.engine.processors.express._common,lazy,send,trivial,migrate-top-level,51,
src/backend/infrastructure/observability/metrics.py,infrastructure,src.backend.dsl.engine.context,eager,,moderate,facade-needed,27,
src/backend/infrastructure/observability/metrics.py,infrastructure,src.backend.dsl.engine.exchange,eager,,moderate,facade-needed,28,
src/backend/infrastructure/observability/metrics.py,infrastructure,src.backend.dsl.engine.middleware,eager,,moderate,facade-needed,29,
src/backend/infrastructure/observability/tracing.py,infrastructure,src.backend.dsl.engine.context,eager,,moderate,facade-needed,11,
src/backend/infrastructure/observability/tracing.py,infrastructure,src.backend.dsl.engine.exchange,eager,,moderate,facade-needed,12,
src/backend/infrastructure/observability/tracing.py,infrastructure,src.backend.dsl.engine.middleware,eager,,moderate,facade-needed,13,
src/backend/infrastructure/scheduler/scheduled_tasks.py,infrastructure,src.backend.services.ai.memory.langmem_service,lazy,consolidate_idle_sessions,trivial,migrate-top-level,57,
src/backend/infrastructure/security/presidio_sanitizer.py,infrastructure,src.backend.services.ai.pii.presidio_analyzer,type_checking,,trivial,drop,32,
src/backend/infrastructure/workflow/executor/sequential_mixin.py,infrastructure,src.backend.dsl.engine.exchange,lazy,_run_processor,trivial,migrate-top-level,68,
src/backend/infrastructure/workflow/worker.py,infrastructure,src.backend.dsl.commands.setup,lazy,_bootstrap,trivial,migrate-top-level,156,
src/backend/infrastructure/workflow/worker.py,infrastructure,src.backend.dsl.routes,lazy,_bootstrap,trivial,migrate-top-level,157,
src/backend/services/admin/clickhouse_admin.py,services,src.backend.infrastructure.clients.storage.clickhouse_admin_client,eager,,moderate,facade-needed,20,
src/backend/services/ai/ai_graph.py,services,src.backend.dsl.commands.registry,lazy,_make_action_tool,trivial,migrate-top-level,60,
src/backend/services/authorization/facade.py,services,src.backend.infrastructure.clients.storage.redis,lazy,_check_cookie_session,trivial,migrate-top-level,376,
src/backend/services/cache/metrics.py,services,src.backend.infrastructure.cache.metrics_collector,eager,,moderate,facade-needed,18,
src/backend/services/cache/metrics.py,services,src.backend.infrastructure.cache.rag.metrics,eager,,moderate,facade-needed,21,
src/backend/services/codec/facade.py,services,src.backend.dsl.codec.json,lazy,_encode_json,trivial,migrate-top-level,102,
src/backend/services/core/admin.py,services,src.backend.dsl.commands.action_registry,eager,,moderate,facade-needed,13,
src/backend/services/core/admin.py,services,src.backend.dsl.commands.registry,eager,,moderate,facade-needed,14,
src/backend/services/core/tech.py,services,src.backend.dsl.codec.converters,eager,,moderate,facade-needed,19,
src/backend/services/dsl/builder_service.py,services,src.backend.dsl.commands.registry,eager,,moderate,facade-needed,20,
src/backend/services/dsl/builder_service.py,services,src.backend.dsl.engine.pipeline,type_checking,,trivial,drop,28,
src/backend/services/dsl/builder_service.py,services,src.backend.dsl.yaml_store,eager,,moderate,facade-needed,21,
src/backend/services/dsl_portal/builder_facade.py,services,src.backend.dsl.engine.dry_run,eager,,moderate,facade-needed,28,
src/backend/services/dsl_portal/builder_facade.py,services,src.backend.dsl.engine.execution_engine,eager,,moderate,facade-needed,32,
src/backend/services/dsl_portal/builder_facade.py,services,src.backend.dsl.engine.pipeline,eager,,moderate,facade-needed,33,
src/backend/services/dsl_portal/builder_facade.py,services,src.backend.dsl.engine.tracer,eager,,moderate,facade-needed,34,
src/backend/services/dsl_portal/builder_facade.py,services,src.backend.dsl.registry,eager,,moderate,facade-needed,35,
src/backend/services/dsl_portal/builder_facade.py,services,src.backend.dsl.workflow.spec,eager,,moderate,facade-needed,36,
src/backend/services/dsl_portal/builder_facade.py,services,src.backend.dsl.workflow.versioning,eager,,moderate,facade-needed,39,
src/backend/services/dsl_portal/builder_facade.py,services,src.backend.dsl.workflow.visualize,eager,,moderate,facade-needed,40,
src/backend/services/dsl_portal/builder_facade.py,services,src.backend.dsl.workflow.yaml_io,eager,,moderate,facade-needed,45,
src/backend/services/dsl_portal/builder_facade.py,services,src.backend.dsl.yaml_loader.loaders,eager,,moderate,facade-needed,50,
src/backend/services/execution/action_dispatcher.py,services,src.backend.dsl.commands.action_registry,eager,,moderate,facade-needed,35,
src/backend/services/execution/middlewares/rate_limit_middleware.py,services,src.backend.dsl.commands.action_registry,eager,,moderate,facade-needed,31,
src/backend/services/jupyter/hub_actions.py,services,src.backend.dsl.commands.action_registry,lazy,register_jupyter_hub_actions,trivial,migrate-top-level,113,
src/backend/services/messaging/kafka_facade.py,services,src.backend.infrastructure.messaging.kafka_producer,lazy,_get_producer,trivial,migrate-top-level,76,
src/backend/services/messaging/outbox_monitor.py,services,src.backend.infrastructure.messaging.outbox.stuck_monitor,eager,,moderate,facade-needed,24,
src/backend/services/ops/message_replay.py,services,src.backend.dsl.commands.registry,lazy,replay_one,trivial,migrate-top-level,114,
src/backend/services/ops/notify_actions.py,services,src.backend.dsl.commands.action_registry,type_checking,,trivial,drop,28,
src/backend/services/ops/scheduled_reports.py,services,src.backend.dsl.commands.registry,lazy,run_now,trivial,migrate-top-level,119,
src/backend/services/ops/webhook_scheduler.py,services,src.backend.dsl.engine.processors.scraping,lazy,execute_webhook,trivial,migrate-top-level,99,
src/backend/services/plugins/registries.py,services,src.backend.dsl.commands.action_registry,eager,,moderate,facade-needed,40,
src/backend/services/plugins/registries.py,services,src.backend.dsl.engine.plugin_registry,type_checking,,trivial,drop,32,
src/backend/services/plugins/registries.py,services,src.backend.dsl.engine.processors,eager,,moderate,facade-needed,41,
src/backend/services/resilience/rate_limiter.py,services,src.backend.infrastructure.resilience.unified_rate_limiter,eager,,moderate,facade-needed,17,
src/backend/services/scheduler/admin.py,services,src.backend.infrastructure.scheduler.dlq,eager,,moderate,facade-needed,17,
src/backend/services/scheduler/admin.py,services,src.backend.infrastructure.scheduler.scheduler_manager,eager,,moderate,facade-needed,21,
src/backend/services/schema_registry/populator.py,services,src.backend.dsl.commands.registry,type_checking,,trivial,drop,24,
src/backend/services/schema_registry/populator.py,services,src.backend.dsl.registry,lazy,populate_from_processor_registry,trivial,migrate-top-level,43,
src/backend/services/security/__init__.py,services,src.backend.infrastructure.security.signatures,eager,,hard,re-export-or-facade,17,
src/backend/services/security/cert_store_facade.py,services,src.backend.infrastructure.security.cert_store,lazy,__getattr__,trivial,migrate-top-level,18,
src/backend/services/security/facade.py,services,src.backend.infrastructure.clients.storage.redis,lazy,_create_jwt_blacklist,trivial,migrate-top-level,88,
src/backend/services/security/facade.py,services,src.backend.infrastructure.security.signatures,lazy,verify_signature,trivial,migrate-top-level,156,
src/backend/services/security/pii_streaming_facade.py,services,src.backend.infrastructure.security,lazy,__getattr__,trivial,migrate-top-level,18,
src/backend/services/workflow/__init__.py,services,src.backend.infrastructure.workflow.registry,eager,,hard,re-export-or-facade,17,
src/backend/services/workflows/cost_estimator.py,services,src.backend.dsl.workflow.versioning,lazy,estimate,trivial,migrate-top-level,168,
src/backend/services/workflows/hitl_pubsub.py,services,src.backend.infrastructure.clients.storage.redis,lazy,publish_hitl_resolved,trivial,migrate-top-level,85,
